name,ticker
ニッスイ,1332.T
INPEX,1605.T
コムシスホールディングス,1721.T
大成建設,1801.T
大林組,1802.T
清水建設,1803.T
長谷工コーポレーション,1808.T
鹿島建設,1812.T
大和ハウス工業,1925.T
積水ハウス,1928.T
日揮ホールディングス,1963.T
日清製粉グループ本社,2002.T
明治ホールディングス,2269.T
日本ハム,2282.T
エムスリー,2413.T
ディー・エヌ・エー,2432.T
サッポロホールディングス,2501.T
アサヒグループホールディングス,2502.T
キリンホールディングス,2503.T
双日,2768.T
キッコーマン,2801.T
味の素,2802.T
キオクシアホールディングス,285A.T
ニチレイ,2871.T
日本たばこ産業,2914.T
J.フロント リテイリング,3086.T
ZOZO,3092.T
三越伊勢丹ホールディングス,3099.T
東急不動産ホールディングス,3289.T
セブン&アイ・ホールディングス,3382.T
帝人,3401.T
東レ,3402.T
クラレ,3405.T
旭化成,3407.T
SUMCO,3436.T
ネクソン,3659.T
SHIFT,3697.T
王子ホールディングス,3861.T
レゾナック・ホールディングス,4004.T
住友化学,4005.T
日産化学,4021.T
東ソー,4042.T
トクヤマ,4043.T
デンカ,4061.T
イビデン,4062.T
信越化学工業,4063.T
協和キリン,4151.T
三井化学,4183.T
三菱ケミカルグループ,4188.T
UBE,4208.T
野村総合研究所,4307.T
電通グループ,4324.T
メルカリ,4385.T
花王,4452.T
武田薬品工業,4502.T
アステラス製薬,4503.T
住友ファーマ,4506.T
塩野義製薬,4507.T
中外製薬,4519.T
エーザイ,4523.T
テルモ,4543.T
第一三共,4568.T
大塚ホールディングス,4578.T
オリエンタルランド,4661.T
LINEヤフー,4689.T
トレンドマイクロ,4704.T
サイバーエージェント,4751.T
楽天,4755.T
富士フイルムホールディングス,4901.T
コニカミノルタ,4902.T
資生堂,4911.T
出光興産,5019.T
ENEOSホールディングス,5020.T
横浜ゴム,5101.T
ブリヂストン,5108.T
AGC,5201.T
日本電気硝子,5214.T
太平洋セメント,5233.T
東海カーボン,5301.T
TOTO,5332.T
NGK,5333.T
日本製鉄,5401.T
神戸製鋼所,5406.T
JFEホールディングス,5411.T
ARCHION,543A.T
日本製鋼所,5631.T
三井金属鉱業,5706.T
三菱マテリアル,5711.T
住友金属鉱山,5713.T
DOWAホールディングス,5714.T
古河電気工業,5801.T
住友電気工業,5802.T
フジクラ,5803.T
しずおかフィナンシャルグループ,5831.T
リクルートホールディングス,6098.T
オークマ,6103.T
アマダ,6113.T
ディスコ,6146.T
日本郵政,6178.T
SMC,6273.T
小松製作所,6301.T
住友重機械工業,6302.T
日立建機,6305.T
クボタ,6326.T
荏原製作所,6361.T
ダイキン工業,6367.T
日本精工,6471.T
NTN,6472.T
ジェイテクト,6473.T
ミネベアミツミ,6479.T
日立製作所,6501.T
三菱電機,6503.T
富士電機,6504.T
安川電機,6506.T
ソシオネクスト,6526.T
ベイカレント,6532.T
オムロン,6645.T
日本電気,6701.T
富士通,6702.T
ルネサスエレクトロニクス,6723.T
セイコーエプソン,6724.T
パナソニックホールディングス,6752.T
シャープ,6753.T
ソニーグループ,6758.T
TDK,6762.T
アルプスアルパイン,6770.T
横河電機,6841.T
アドバンテスト,6857.T
キーエンス,6861.T
デンソー,6902.T
レーザーテック,6920.T
ファナック,6954.T
ローム,6963.T
京セラ,6971.T
太陽誘電,6976.T
村田製作所,6981.T
日東電工,6988.T
カナデビア,7004.T
三菱重工業,7011.T
川崎重工業,7012.T
IHI,7013.T
横浜フィナンシャルグループ,7186.T
日産自動車,7201.T
いすゞ自動車,7202.T
トヨタ自動車,7203.T
三菱自動車工業,7211.T
マツダ,7261.T
本田技研工業,7267.T
スズキ,7269.T
SUBARU,7270.T
ヤマハ発動機,7272.T
良品計画,7453.T
パン・パシフィック・インターナショナルホールディングス,7532.T
ニコン,7731.T
オリンパス,7733.T
SCREENホールディングス,7735.T
HOYA,7741.T
キヤノン,7751.T
リコー,7752.T
バンダイナムコホールディングス,7832.T
TOPPANホールディングス,7911.T
大日本印刷,7912.T
ヤマハ,7951.T
任天堂,7974.T
伊藤忠商事,8001.T
丸紅,8002.T
豊田通商,8015.T
三井物産,8031.T
東京エレクトロン,8035.T
住友商事,8053.T
三菱商事,8058.T
髙島屋,8233.T
丸井グループ,8252.T
クレディセゾン,8253.T
イオン,8267.T
あおぞら銀行,8304.T
三菱UFJフィナンシャル・グループ,8306.T
りそなホールディングス,8308.T
三井住友トラスト・ホールディングス,8309.T
三井住友フィナンシャルグループ,8316.T
千葉銀行,8331.T
ふくおかフィナンシャルグループ,8354.T
みずほフィナンシャルグループ,8411.T
オリックス,8591.T
大和証券グループ本社,8601.T
野村ホールディングス,8604.T
SOMPOホールディングス,8630.T
日本取引所グループ,8697.T
MS&ADインシュアランスグループホールディングス,8725.T
第一ライフグループ,8750.T
東京海上ホールディングス,8766.T
T&Dホールディングス,8795.T
三井不動産,8801.T
三菱地所,8802.T
東京建物,8804.T
住友不動産,8830.T
東武鉄道,9001.T
東急,9005.T
小田急電鉄,9007.T
京王電鉄,9008.T
京成電鉄,9009.T
東日本旅客鉄道,9020.T
西日本旅客鉄道,9021.T
東海旅客鉄道,9022.T
ヤマトホールディングス,9064.T
日本郵船,9101.T
商船三井,9104.T
川崎汽船,9107.T
NIPPON EXPRESSホールディングス,9147.T
日本航空,9201.T
ANAホールディングス,9202.T
NTT,9432.T
KDDI,9433.T
ソフトバンク,9434.T
東京電力ホールディングス,9501.T
中部電力,9502.T
関西電力,9503.T
東京ガス,9531.T
大阪ガス,9532.T
東宝,9602.T
セコム,9735.T
コナミグループ,9766.T
ニトリホールディングス,9843.T
ファーストリテイリング,9983.T
ソフトバンクグループ,9984.T
